"","Day","Month","Year","Hs","Tz"
"1",1,1,1996,1.3507,4.9766
"2",2,1,1996,0.9069,5.0589
"3",3,1,1996,1.0725,4.6176
"4",4,1,1996,1.7724,5.7511
"5",5,1,1996,1.0062,6.1058
"6",6,1,1996,0.667,5.7335
"7",7,1,1996,2.0567,4.9336
"8",8,1,1996,2.8523,5.6759
"9",9,1,1996,1.7808,5.8439
"10",10,1,1996,1.5154,4.9862
"11",11,1,1996,0.7892,6.7132
"12",12,1,1996,1.7384,7.0199
"13",13,1,1996,2.1293,5.2909
"14",14,1,1996,1.2296,6.27
"15",15,1,1996,0.6039,7.7089
"16",16,1,1996,0.9804,7.5329
"17",17,1,1996,2.2396,6.1263
"18",18,1,1996,2.4319,6.3839
"19",19,1,1996,1.7593,6.8338
"20",20,1,1996,2.0263,6.9383
"21",21,1,1996,2.1276,7.525
"22",22,1,1996,2.585,6.0628
"23",23,1,1996,1.9474,6.7543
"24",24,1,1996,1.6838,5.9924
"25",25,1,1996,2.4442,7.4497
"26",26,1,1996,2.5713,6.1297
"27",27,1,1996,2.4469,6.5565
"28",28,1,1996,3.1413,7.1118
"29",29,1,1996,2.5282,7.5731
"30",30,1,1996,2.001,7.822
"31",31,1,1996,1.3681,7.5406
"32",1,2,1996,0.9064,8.4346
"33",2,2,1996,1.9912,8.34
"34",3,2,1996,1.9392,5.1182
"35",4,2,1996,1.8375,5.2234
"36",5,2,1996,2.5892,5.8013
"37",6,2,1996,2.4001,6.6183
"38",7,2,1996,2.0493,6.5937
"39",8,2,1996,1.6141,6.9422
"40",9,2,1996,1.2283,7.4421
"41",10,2,1996,0.8749,8.3314
"42",11,2,1996,0.6765,7.7448
"43",12,2,1996,2.2924,5.8636
"44",13,2,1996,2.5668,6.6
"45",14,2,1996,1.4303,6.6863
"46",15,2,1996,1.1584,4.0644
"47",16,2,1996,1.7501,4.925
"48",17,2,1996,3.1469,6.8741
"49",18,2,1996,1.5996,6.8925
"50",19,2,1996,0.869,6.5102
"51",20,2,1996,1.3693,4.4362
"52",21,2,1996,1.0189,7.2448
"53",22,2,1996,0.9222,8.0901
"54",23,2,1996,1.1368,9.1237
"55",24,2,1996,1.2279,9.2903
"56",25,2,1996,0.8667,8.7558
"57",26,2,1996,0.9065,8.2332
"58",27,2,1996,0.8093,8.2943
"59",28,2,1996,0.778,8.2004
"60",29,2,1996,1.2102,5.3273
"61",1,3,1996,1.2601,5.4438
"62",2,3,1996,1.2707,6.7839
"63",3,3,1996,1.8651,5.7677
"64",4,3,1996,1.8622,5.4134
"65",5,3,1996,2.5554,6.3464
"66",6,3,1996,2.463,6.6968
"67",7,3,1996,1.3768,4.9209
"68",8,3,1996,2.1024,5.6595
"69",9,3,1996,2.1622,5.6824
"70",10,3,1996,3.4535,6.8461
"71",11,3,1996,6.8799,9.1277
"72",12,3,1996,6.8495,8.9369
"73",13,3,1996,4.1276,9.7619
"74",14,3,1996,2.3842,9.099
"75",15,3,1996,1.3098,8.971
"76",16,3,1996,0.9471,6.5362
"77",17,3,1996,1.2251,4.5308
"78",18,3,1996,1.3785,4.3106
"79",19,3,1996,1.7485,4.9249
"80",20,3,1996,1.7889,4.9209
"81",21,3,1996,2.1239,5.2994
"82",22,3,1996,1.7094,5.3583
"83",23,3,1996,0.9169,5.4039
"84",24,3,1996,0.7032,5.1599
"85",25,3,1996,1.3259,4.7259
"86",26,3,1996,1.0957,5.3952
"87",27,3,1996,1.2844,5.5992
"88",28,3,1996,1.4408,5.5832
"89",29,3,1996,1.256,7.9183
"90",30,3,1996,1.5849,8.293
"91",31,3,1996,2.3894,7.7548
"92",1,9,1996,2.7949,9.8334
"93",2,9,1996,2.6458,10.1267
"94",3,9,1996,1.9494,10.0924
"95",4,9,1996,3.3689,10.6205
"96",5,9,1996,4.124,9.3347
"97",6,9,1996,3.0303,9.4239
"98",7,9,1996,0.8822,7.5947
"99",8,9,1996,0.7995,6.9795
"100",9,9,1996,0.9904,6.4778
"101",10,9,1996,1.113,5.393
"102",11,9,1996,0.9204,5.0883
"103",12,9,1996,0.83,7.6486
"104",15,9,1996,0.922,8.3965
"105",16,9,1996,1.1005,5.5288
"106",17,9,1996,1.1023,5.5492
"107",18,9,1996,0.7641,6.8772
"108",19,9,1996,1.0258,5.7775
"109",20,9,1996,0.8937,5.3665
"110",21,9,1996,0.9333,5.6726
"111",22,9,1996,1.1589,5.8193
"112",23,9,1996,0.7712,6.3139
"113",24,9,1996,0.6885,5.6399
"114",25,9,1996,0.6963,5.7014
"115",26,9,1996,1.2333,4.8517
"116",27,9,1996,1.7714,5.5166
"117",28,9,1996,1.3543,6.1626
"118",29,9,1996,1.2354,5.5711
"119",30,9,1996,1.3489,5.4564
"120",1,10,1996,1.5441,5.3765
"121",2,10,1996,1.4758,6.3254
"122",3,10,1996,1.3095,6.8668
"123",4,10,1996,3.8706,7.1681
"124",5,10,1996,4.7717,7.9216
"125",6,10,1996,4.2362,7.6485
"126",7,10,1996,3.0506,7.6848
"127",8,10,1996,3.2661,6.2577
"128",9,10,1996,1.2441,8.1622
"129",10,10,1996,1.0517,8.2479
"130",11,10,1996,1.1515,5.2727
"131",12,10,1996,3.2444,6.7269
"132",13,10,1996,3.0611,6.5173
"133",14,10,1996,2.0028,5.7125
"134",15,10,1996,1.5987,5.7325
"135",16,10,1996,1.6885,5.4404
"136",17,10,1996,1.4638,5.2626
"137",18,10,1996,1.2531,6.3959
"138",19,10,1996,2.7923,5.9534
"139",20,10,1996,1.7482,6.8451
"140",21,10,1996,0.945,6.5735
"141",22,10,1996,1.0284,9.2961
"142",23,10,1996,2.4764,11.7984
"143",24,10,1996,2.8146,13.2749
"144",25,10,1996,2.6974,12.3499
"145",26,10,1996,1.965,8.611
"146",27,10,1996,1.662,6.2901
"147",28,10,1996,1.3082,6.2274
"148",29,10,1996,0.9524,6.6867
"149",30,10,1996,0.7201,7.7627
"150",31,10,1996,0.7088,7.7161
"151",1,11,1996,0.6079,7.5189
"152",2,11,1996,0.9342,6.0749
"153",3,11,1996,2.1805,5.6983
"154",4,11,1996,2.0832,5.8012
"155",5,11,1996,2.0492,5.9848
"156",6,11,1996,1.7607,6.0633
"157",7,11,1996,1.6573,6.7915
"158",8,11,1996,1.6276,6.1637
"159",9,11,1996,2.2442,6.1473
"160",10,11,1996,1.355,6.2426
"161",11,11,1996,1.3329,5.701
"162",12,11,1996,1.529,4.9751
"163",13,11,1996,2.5966,6.2318
"164",14,11,1996,2.5255,6.4122
"165",15,11,1996,4.7569,7.6746
"166",16,11,1996,4.646,7.4852
"167",17,11,1996,4.1485,7.5847
"168",18,11,1996,2.8594,9.8752
"169",19,11,1996,2.8104,10.3477
"170",20,11,1996,2.0873,10.4846
"171",21,11,1996,1.1599,9.2879
"172",22,11,1996,2.2086,8.3053
"173",23,11,1996,2.3341,6.9937
"174",24,11,1996,1.624,7.1607
"175",25,11,1996,1.7684,6.087
"176",26,11,1996,1.7035,4.8964
"177",27,11,1996,2.3711,6.0012
"178",28,11,1996,2.6466,6.5476
"179",29,11,1996,1.7656,6.3817
"180",30,11,1996,1.8808,5.3613
"181",1,12,1996,2.5455,5.3265
"182",2,12,1996,2.3569,5.4507
"183",3,12,1996,1.5717,8.6773
"184",4,12,1996,1.99,8.2196
"185",5,12,1996,1.6889,7.0868
"186",6,12,1996,1.5743,7.1807
"187",7,12,1996,1.1324,6.8419
"188",8,12,1996,2.4248,5.6309
"189",9,12,1996,2.777,5.8011
"190",10,12,1996,1.6668,6.2345
"191",11,12,1996,1.2792,9.5062
"192",12,12,1996,1.2379,7.3458
"193",13,12,1996,0.9926,7.0002
"194",14,12,1996,1.0431,5.2248
"195",15,12,1996,1.785,6.1048
"196",16,12,1996,2.0227,8.4112
"197",17,12,1996,2.3411,10.1422
"198",18,12,1996,1.888,8.9909
"199",19,12,1996,2.3398,7.3137
"200",20,12,1996,2.4241,5.3358
"201",21,12,1996,1.9295,5.7892
"202",22,12,1996,2.4633,6.4744
"203",23,12,1996,1.8144,6.4157
"204",24,12,1996,2.0374,6.4101
"205",25,12,1996,1.7591,6.9643
"206",26,12,1996,1.9164,6.8782
"207",27,12,1996,1.6315,6.9911
"208",28,12,1996,1.0816,7.1349
"209",29,12,1996,1.0346,7.565
"210",30,12,1996,1.1545,7.459
"211",31,12,1996,0.958,7.8897
"212",1,1,1997,0.7983,8.034
"213",2,1,1997,0.9407,7.968
"214",3,1,1997,0.8685,7.5145
"215",4,1,1997,0.6812,7.5056
"216",5,1,1997,1.0214,6.2855
"217",6,1,1997,0.6235,5.3684
"218",7,1,1997,0.7766,6.4438
"219",8,1,1997,0.7201,7.1569
"220",9,1,1997,1.4708,6.1946
"221",10,1,1997,1.8619,5.454
"222",11,1,1997,0.8545,6.1154
"223",12,1,1997,1.0609,6.3928
"224",13,1,1997,1.0994,4.7596
"225",14,1,1997,1.6255,5.3084
"226",15,1,1997,2.8158,6.0497
"227",16,1,1997,2.324,5.8963
"228",17,1,1997,2.5996,6.8556
"229",18,1,1997,2.663,7.0096
"230",19,1,1997,2.2351,6.9606
"231",20,1,1997,1.0272,6.2823
"232",21,1,1997,0.6418,6.795
"233",22,1,1997,1.1362,4.8633
"234",23,1,1997,1.1133,6.9789
"235",24,1,1997,1.1879,6.9098
"236",25,1,1997,1.6729,5.3789
"237",26,1,1997,1.5146,5.4949
"238",27,1,1997,2.4235,6.1832
"239",28,1,1997,2.0543,6.917
"240",29,1,1997,1.5802,7.2347
"241",30,1,1997,2.2024,7.3745
"242",31,1,1997,1.8916,7.2908
"243",1,2,1997,1.2656,7.5784
"244",2,2,1997,0.9015,8.0905
"245",3,2,1997,0.6555,8.3143
"246",4,2,1997,0.9998,6.6755
"247",5,2,1997,1.0095,5.571
"248",6,2,1997,0.9724,7.3972
"249",7,2,1997,0.974,6.5159
"250",8,2,1997,1.013,6.8657
"251",9,2,1997,1.4921,6.0126
"252",10,2,1997,1.8804,5.5155
"253",11,2,1997,1.8435,6.4594
"254",12,2,1997,1.7422,7.0749
"255",13,2,1997,1.4646,7.4527
"256",14,2,1997,1.7323,6.4802
"257",15,2,1997,1.8334,6.4193
"258",16,2,1997,2.0537,5.9283
"259",17,2,1997,2.3638,5.9569
"260",18,2,1997,2.1944,6.1743
"261",19,2,1997,2.009,6.2225
"262",20,2,1997,1.7632,6.2578
"263",21,2,1997,2.1358,6.1437
"264",22,2,1997,1.6618,5.4487
"265",23,2,1997,1.6945,6.0099
"266",24,2,1997,1.8203,5.5911
"267",25,2,1997,1.434,5.8597
"268",26,2,1997,1.8158,6.331
"269",27,2,1997,2.2467,5.5748
"270",28,2,1997,1.6073,5.0151
"271",1,3,1997,1.3934,5.2876
"272",2,3,1997,1.4621,5.0362
"273",3,3,1997,1.3987,5.1809
"274",4,3,1997,1.0726,7.3771
"275",5,3,1997,0.686,7.2329
"276",6,3,1997,0.8218,5.7686
"277",7,3,1997,1.6134,4.9963
"278",8,3,1997,1.2612,5.2597
"279",9,3,1997,1.3174,5.5465
"280",10,3,1997,1.3403,5.2675
"281",11,3,1997,0.8748,7.2366
"282",12,3,1997,0.8339,8.8056
"283",13,3,1997,2.9054,5.9684
"284",14,3,1997,3.3586,6.2418
"285",15,3,1997,1.9258,6.1458
"286",16,3,1997,1.5049,6.2563
"287",17,3,1997,1.958,5.7443
"288",18,3,1997,1.8134,6.1418
"289",19,3,1997,1.173,6.6671
"290",20,3,1997,1.0858,7.9302
"291",21,3,1997,0.9543,8.1833
"292",22,3,1997,1.4894,6.0159
"293",23,3,1997,0.9128,5.9876
"294",24,3,1997,1.8236,6.5625
"295",25,3,1997,3.4913,7.1753
"296",26,3,1997,2.7021,6.3006
"297",27,3,1997,1.2819,6.8368
"298",28,3,1997,0.9811,7.469
"299",29,3,1997,0.9865,6.4832
"300",30,3,1997,0.8229,7.9605
"301",31,3,1997,2.4788,5.877
"302",1,9,1997,1.512,4.737
"303",2,9,1997,1.0333,5.4997
"304",3,9,1997,1.1502,4.7127
"305",4,9,1997,1.4188,5.2959
"306",5,9,1997,3.0041,6.2222
"307",6,9,1997,2.1788,6.3746
"308",7,9,1997,2.1827,6.726
"309",8,9,1997,1.9115,8.0249
"310",9,9,1997,1.9132,8.207
"311",10,9,1997,1.6354,8.5821
"312",11,9,1997,1.5073,6.3522
"313",12,9,1997,1.6118,7.2917
"314",13,9,1997,1.7042,8.7311
"315",14,9,1997,1.4624,7.8805
"316",15,9,1997,1.2559,7.7636
"317",16,9,1997,1.0866,8.6526
"318",17,9,1997,1.0914,7.3
"319",18,9,1997,0.8323,5.1523
"320",19,9,1997,0.745,5.0303
"321",20,9,1997,0.5287,5.553
"322",21,9,1997,0.4367,5.4393
"323",22,9,1997,1.0416,4.3095
"324",23,9,1997,1.2396,5.8099
"325",24,9,1997,1.2723,5.046
"326",25,9,1997,1.469,4.5139
"327",26,9,1997,1.161,4.4626
"328",27,9,1997,1.8002,4.5006
"329",28,9,1997,1.8547,4.6169
"330",29,9,1997,1.2172,4.3565
"331",30,9,1997,0.8144,4.943
"332",1,10,1997,1.087,5.1877
"333",2,10,1997,0.5972,5.615
"334",3,10,1997,1.2491,6.1728
"335",4,10,1997,1.2665,6.507
"336",5,10,1997,1.7256,5.6511
"337",6,10,1997,1.6489,5.1976
"338",7,10,1997,1.6384,5.0172
"339",8,10,1997,1.8066,5.4245
"340",9,10,1997,2.2144,5.5128
"341",10,10,1997,2.1799,5.9021
"342",11,10,1997,2.1727,5.7944
"343",12,10,1997,2.2075,5.8549
"344",13,10,1997,2.1622,5.6255
"345",14,10,1997,2.0343,5.9503
"346",15,10,1997,1.7558,5.9094
"347",16,10,1997,1.5918,6.6651
"348",17,10,1997,1.6029,7.261
"349",18,10,1997,1.5439,7.8095
"350",19,10,1997,1.7226,6.1124
"351",20,10,1997,1.7757,5.7786
"352",21,10,1997,1.5703,8.1814
"353",22,10,1997,1.4654,8.9954
"354",23,10,1997,1.2915,9.7434
"355",24,10,1997,1.4796,6.7876
"356",25,10,1997,1.7061,4.6667
"357",26,10,1997,1.2269,4.7111
"358",27,10,1997,1.7166,4.5693
"359",28,10,1997,1.3439,5.1408
"360",29,10,1997,1.0837,5.7932
"361",30,10,1997,0.7434,6.0297
"362",31,10,1997,1.0569,5.9427
"363",1,11,1997,1.4153,4.2017
"364",2,11,1997,1.6903,4.3754
"365",3,11,1997,1.2032,5.4177
"366",4,11,1997,1.0383,4.7963
"367",5,11,1997,1.2452,4.828
"368",6,11,1997,1.4048,5.124
"369",7,11,1997,1.6153,6.9869
"370",8,11,1997,1.7658,5.6368
"371",9,11,1997,1.8121,6.0866
"372",10,11,1997,1.268,5.6754
"373",11,11,1997,0.9668,5.1754
"374",12,11,1997,1.2704,6.2973
"375",13,11,1997,1.6564,4.5168
"376",14,11,1997,1.4171,4.4984
"377",15,11,1997,1.1127,4.8324
"378",16,11,1997,1.3349,5.8515
"379",17,11,1997,1.487,5.3551
"380",18,11,1997,1.0775,5.1223
"381",19,11,1997,1.026,5.0814
"382",20,11,1997,1.2271,4.9023
"383",21,11,1997,1.7301,5.1786
"384",22,11,1997,1.8175,6.3744
"385",23,11,1997,1.1396,6.6868
"386",24,11,1997,1.8457,5.2356
"387",25,11,1997,1.8245,5.5189
"388",26,11,1997,1.709,5.8445
"389",27,11,1997,1.1549,5.9442
"390",28,11,1997,1.589,5.232
"391",29,11,1997,1.5004,5.325
"392",30,11,1997,1.7394,4.681
"393",1,12,1997,1.8194,4.7215
"394",2,12,1997,1.3559,5.158
"395",3,12,1997,1.8609,5.2446
"396",4,12,1997,1.5688,4.8069
"397",5,12,1997,1.6369,4.9707
"398",6,12,1997,1.7878,5.0295
"399",7,12,1997,1.6757,4.8286
"400",8,12,1997,1.1218,5.2445
"401",9,12,1997,0.8937,5.0149
"402",10,12,1997,0.8093,6.1341
"403",11,12,1997,0.6178,3.7426
"404",12,12,1997,1.2065,4.8655
"405",13,12,1997,1.2612,5.4596
"406",14,12,1997,1.9578,6.5948
"407",15,12,1997,3.0192,6.7285
"408",16,12,1997,4.1113,6.8784
"409",17,12,1997,3.3169,7.499
"410",18,12,1997,1.7879,7.2271
"411",19,12,1997,1.2407,6.9993
"412",20,12,1997,0.9021,7.0585
"413",21,12,1997,0.8606,6.425
"414",22,12,1997,1.1139,4.5619
"415",23,12,1997,0.9027,6.3188
"416",24,12,1997,1.0204,6.4878
"417",25,12,1997,1.241,4.4888
"418",26,12,1997,0.6749,5.803
"419",27,12,1997,1.5178,5.4434
"420",28,12,1997,2.0984,5.1742
"421",29,12,1997,1.9735,4.9351
"422",30,12,1997,2.5325,5.5167
"423",31,12,1997,1.6788,5.0419
"424",1,1,1998,3.0467,6.6518
"425",2,1,1998,1.9045,5.3801
"426",3,1,1998,2.1941,5.8447
"427",4,1,1998,2.3543,6.0607
"428",5,1,1998,2.5436,6.1429
"429",6,1,1998,2.0497,6.6992
"430",7,1,1998,2.317,5.8552
"431",8,1,1998,2.2081,5.7694
"432",9,1,1998,1.4749,7.8561
"433",10,1,1998,1.1608,7.43
"434",11,1,1998,1.1093,5.6621
"435",12,1,1998,1.0873,6.1202
"436",13,1,1998,0.896,5.1817
"437",14,1,1998,0.8737,5.6481
"438",15,1,1998,1.8336,5.3874
"439",16,1,1998,2.0539,5.1803
"440",17,1,1998,1.6865,4.5631
"441",18,1,1998,0.9986,5.3998
"442",19,1,1998,1.321,6.7678
"443",20,1,1998,1.8944,6.7592
"444",21,1,1998,1.7812,6.885
"445",22,1,1998,2.6464,5.7046
"446",23,1,1998,2.8079,6.5854
"447",24,1,1998,2.0927,7.9168
"448",25,1,1998,1.9003,5.6161
"449",26,1,1998,1.6969,5.6757
"450",27,1,1998,2.2803,5.5518
"451",28,1,1998,2.3573,5.1905
"452",29,1,1998,1.5846,6.8588
"453",30,1,1998,1.9111,8.3228
"454",31,1,1998,1.082,4.4731
"455",1,2,1998,1.3617,5.3695
"456",2,2,1998,3.7841,6.2835
"457",3,2,1998,4.9297,7.9856
"458",4,2,1998,3.5427,6.9391
"459",5,2,1998,3.0593,5.5357
"460",6,2,1998,1.498,6.3996
"461",7,2,1998,2.5451,6.3472
"462",8,2,1998,2.6193,6.3073
"463",9,2,1998,2.8262,7.6791
"464",10,2,1998,2.4978,8.9002
"465",11,2,1998,2.6633,9.5774
"466",12,2,1998,2.0026,7.4095
"467",13,2,1998,1.1639,8.3511
"468",14,2,1998,1.5027,5.9353
"469",15,2,1998,3.3594,6.091
"470",16,2,1998,4.4517,6.9836
"471",17,2,1998,3.3593,6.5695
"472",18,2,1998,1.9691,8.0237
"473",19,2,1998,1.0033,7.6878
"474",20,2,1998,1.3179,6.9339
"475",21,2,1998,1.021,5.9599
"476",22,2,1998,2.225,5.09
"477",23,2,1998,2.546,5.1618
"478",24,2,1998,2.8598,5.6818
"479",25,2,1998,1.4696,5.9079
"480",26,2,1998,0.894,6.8959
"481",27,2,1998,1.2874,4.6346
"482",28,2,1998,1.3049,5.8575
"483",1,3,1998,0.9628,6.5429
"484",2,3,1998,1.693,5.6244
"485",3,3,1998,1.563,4.6281
"486",4,3,1998,1.6025,5.1982
"487",5,3,1998,1.0041,5.6948
"488",6,3,1998,0.9531,4.4443
"489",7,3,1998,1.3216,4.597
"490",8,3,1998,2.2516,5.5606
"491",9,3,1998,2.271,5.9125
"492",10,3,1998,1.7196,4.9987
"493",11,3,1998,1.6485,5.0416
"494",12,3,1998,2.4453,5.1744
"495",13,3,1998,2.4753,5.0978
"496",14,3,1998,1.9765,5.1794
"497",15,3,1998,1.155,6.1206
"498",16,3,1998,1.0142,5.9259
"499",17,3,1998,2.7816,5.9768
"500",18,3,1998,3.2169,6.4398
"501",19,3,1998,3.3352,6.3946
"502",20,3,1998,1.5982,6.5899
"503",21,3,1998,1.651,4.856
"504",22,3,1998,1.4883,5.5666
"505",23,3,1998,1.6339,6.1276
"506",24,3,1998,1.4706,5.6692
"507",25,3,1998,1.3776,6.9123
"508",26,3,1998,1.9713,5.3639
"509",27,3,1998,2.4717,6.731
"510",28,3,1998,2.4053,6.8947
"511",29,3,1998,2.0672,6.7652
"512",30,3,1998,1.5572,6.1351
"513",31,3,1998,1.5567,5.051
"514",1,9,1998,1.3732,7.1579
"515",2,9,1998,1.2598,7.8777
"516",3,9,1998,2.3334,7.5357
"517",4,9,1998,1.2245,6.2987
"518",5,9,1998,1.0109,6.3991
"519",6,9,1998,1.0645,5.4113
"520",7,9,1998,0.9913,5.6503
"521",8,9,1998,0.7724,5.8818
"522",9,9,1998,0.7224,5.5301
"523",10,9,1998,1.6294,5.0495
"524",11,9,1998,1.1687,4.9232
"525",12,9,1998,0.7465,4.7715
"526",13,9,1998,0.9249,4.9878
"527",14,9,1998,1.8291,4.9909
"528",15,9,1998,1.7992,5.0351
"529",16,9,1998,1.6377,4.8225
"530",17,9,1998,1.0038,4.9031
"531",18,9,1998,0.8677,4.613
"532",19,9,1998,1.0503,4.0259
"533",20,9,1998,0.7297,4.6623
"534",21,9,1998,0.6643,5.8605
"535",22,9,1998,1.6059,14.3318
"536",23,9,1998,1.496,13.5074
"537",24,9,1998,2.3213,8.8004
"538",25,9,1998,2.6766,6.1094
"539",26,9,1998,2.4816,5.7818
"540",27,9,1998,1.3401,5.2002
"541",28,9,1998,1.0302,6.1074
"542",29,9,1998,1.139,6.0605
"543",30,9,1998,1.4883,4.5212
"544",1,10,1998,1.4943,4.5163
"545",2,10,1998,0.943,5.4913
"546",3,10,1998,1.3942,5.7758
"547",4,10,1998,1.4122,5.9137
"548",5,10,1998,0.9813,5.8458
"549",6,10,1998,0.9227,5.8957
"550",7,10,1998,1.6674,5.8846
"551",8,10,1998,1.7833,6.9489
"552",9,10,1998,1.5065,7.203
"553",10,10,1998,1.0624,7.1362
"554",11,10,1998,0.869,6.898
"555",12,10,1998,0.8616,5.6438
"556",13,10,1998,1.2512,5.5564
"557",14,10,1998,1.0997,5.9705
"558",15,10,1998,1.1204,6.9351
"559",16,10,1998,1.5642,5.3617
"560",17,10,1998,2.5394,5.8263
"561",18,10,1998,2.4837,5.8288
"562",19,10,1998,1.9733,5.8058
"563",20,10,1998,1.9229,5.598
"564",21,10,1998,1.7949,5.3486
"565",22,10,1998,2.008,5.0955
"566",23,10,1998,2.8261,6.3315
"567",24,10,1998,2.767,6.4336
"568",25,10,1998,2.279,6.0022
"569",26,10,1998,1.9426,5.6939
"570",27,10,1998,1.5385,5.3788
"571",28,10,1998,1.5607,5.4574
"572",29,10,1998,1.0309,6.4209
"573",30,10,1998,0.9348,7.4745
"574",31,10,1998,0.9771,8.1746
"575",1,11,1998,0.954,8.0146
"576",2,11,1998,1.0465,6.3776
"577",3,11,1998,1.029,6.0809
"578",4,11,1998,0.7806,4.7039
"579",5,11,1998,4.0526,6.499
"580",6,11,1998,3.528,7.4009
"581",7,11,1998,2.3577,7.8013
"582",8,11,1998,1.7578,7.1617
"583",9,11,1998,1.3038,5.9762
"584",10,11,1998,2.0364,5.0118
"585",11,11,1998,1.7702,5.4475
"586",12,11,1998,1.3105,7.0626
"587",13,11,1998,1.2929,6.9811
"588",14,11,1998,1.2298,6.5318
"589",15,11,1998,1.1234,7.1095
"590",16,11,1998,0.8859,7.8717
"591",17,11,1998,1.0254,6.6009
"592",18,11,1998,0.6209,6.887
"593",19,11,1998,0.9173,5.0787
"594",20,11,1998,1.0302,6.0167
"595",21,11,1998,0.8891,6.1834
"596",22,11,1998,1.6045,5.3741
"597",23,11,1998,1.8259,5.2543
"598",24,11,1998,1.7597,5.2478
"599",25,11,1998,1.3014,5.7179
"600",26,11,1998,0.9719,5.6576
"601",27,11,1998,1.0652,5.4193
"602",28,11,1998,0.7662,6.1247
"603",29,11,1998,0.7399,6.0381
"604",30,11,1998,1.3307,5.3581
"605",1,12,1998,1.3511,6.2771
"606",2,12,1998,1.358,5.825
"607",3,12,1998,1.4245,6.4695
"608",4,12,1998,1.3877,6.8787
"609",5,12,1998,1.4055,6.4564
"610",6,12,1998,1.1779,6.1656
"611",7,12,1998,1.2041,5.2433
"612",8,12,1998,0.9057,4.8954
"613",9,12,1998,0.956,6.1595
"614",10,12,1998,1.1444,6.1402
"615",11,12,1998,1.5754,6.2098
"616",12,12,1998,1.8252,6.256
"617",13,12,1998,1.8228,6.2461
"618",14,12,1998,1.7909,5.0252
"619",15,12,1998,3.2925,5.9968
"620",16,12,1998,2.3601,6.2556
"621",17,12,1998,1.6811,6.1473
"622",18,12,1998,1.6429,5.0269
"623",19,12,1998,1.4821,4.7841
"624",20,12,1998,1.291,5.8458
"625",21,12,1998,1.1168,6.1663
"626",22,12,1998,1.047,6.7251
"627",23,12,1998,1.2931,7.3212
"628",24,12,1998,1.6697,7.2508
"629",25,12,1998,1.4126,7.4449
"630",26,12,1998,2.0383,6.6892
"631",27,12,1998,1.9158,5.725
"632",28,12,1998,1.6644,6.141
"633",29,12,1998,1.3348,8.6294
"634",30,12,1998,1.9746,5.2161
"635",31,12,1998,1.7788,6.6439
"636",1,1,1999,1.2215,8.0598
"637",2,1,1999,2.288,5.5953
"638",3,1,1999,3.3201,7.0958
"639",4,1,1999,1.7959,6.9823
"640",5,1,1999,2.0697,5.3012
"641",6,1,1999,1.7355,5.7263
"642",7,1,1999,1.2334,6.8177
"643",8,1,1999,2.1754,5.9634
"644",9,1,1999,2.0412,6.6243
"645",10,1,1999,2.4684,6.3347
"646",11,1,1999,2.6346,5.7145
"647",12,1,1999,1.9053,5.881
"648",13,1,1999,1.7641,6.5193
"649",14,1,1999,1.9056,6.4267
"650",15,1,1999,1.7369,7.033
"651",16,1,1999,1.4186,6.7961
"652",17,1,1999,1.7174,6.8827
"653",18,1,1999,1.7702,6.7647
"654",19,1,1999,0.9263,7.1589
"655",20,1,1999,0.9139,7.8302
"656",21,1,1999,0.7968,7.9762
"657",22,1,1999,2.0148,7.0238
"658",23,1,1999,2.449,5.4169
"659",24,1,1999,2.4809,5.4242
"660",25,1,1999,1.6625,6.3435
"661",26,1,1999,1.4747,6.9013
"662",27,1,1999,1.4107,6.1182
"663",28,1,1999,1.3559,6.3152
"664",29,1,1999,0.9103,6.1072
"665",30,1,1999,0.9962,5.3504
"666",31,1,1999,4.1092,6.8343
"667",1,2,1999,4.744,7.2855
"668",2,2,1999,3.3027,7.9087
"669",3,2,1999,2.1754,7.3508
"670",4,2,1999,1.4775,6.9607
"671",5,2,1999,1.2502,6.7978
"672",6,2,1999,1.1143,6.5133
"673",7,2,1999,1.1878,7.3941
"674",8,2,1999,1.0576,7.099
"675",9,2,1999,0.6381,7.5377
"676",10,2,1999,0.5694,5.8047
"677",11,2,1999,0.7979,6.3954
"678",12,2,1999,1.5913,5.0885
"679",13,2,1999,2.7787,6.2208
"680",14,2,1999,2.2255,6.291
"681",15,2,1999,2.0583,6.3051
"682",16,2,1999,1.3889,6.6605
"683",17,2,1999,1.6209,6.449
"684",18,2,1999,1.9512,4.7154
"685",19,2,1999,1.3101,6.007
"686",20,2,1999,1.8377,4.8716
"687",21,2,1999,1.4327,5.3792
"688",22,2,1999,2.597,5.4552
"689",23,2,1999,2.3222,6.9973
"690",24,2,1999,2.0298,8.2609
"691",25,2,1999,1.9254,8.353
"692",26,2,1999,1.3678,8.1916
"693",27,2,1999,1.1175,7.4343
"694",28,2,1999,1.5915,5.3502
"695",1,3,1999,1.8216,6.3635
"696",2,3,1999,1.3005,5.5118
"697",3,3,1999,1.7063,5.3309
"698",4,3,1999,2.3048,5.9661
"699",5,3,1999,1.4053,6.0289
"700",6,3,1999,0.8838,4.6005
"701",7,3,1999,1.7055,5.4041
"702",8,3,1999,2.5128,5.9751
"703",9,3,1999,2.4999,6.3771
"704",10,3,1999,1.8553,5.5815
"705",11,3,1999,1.431,5.8065
"706",12,3,1999,1.3948,6.1504
"707",13,3,1999,1.3932,6.0934
"708",14,3,1999,3.2651,5.5406
"709",15,3,1999,2.2493,5.1709
"710",16,3,1999,2.2121,5.7473
"711",17,3,1999,1.2421,7.2907
"712",18,3,1999,1.0008,7.2337
"713",19,3,1999,0.6157,6.8554
"714",20,3,1999,0.879,6.4699
"715",21,3,1999,1.3858,6.9078
"716",22,3,1999,1.3979,5.1392
"717",23,3,1999,0.8782,5.4495
"718",24,3,1999,0.7326,5.4299
"719",25,3,1999,0.797,4.6612
"720",26,3,1999,0.7657,5.8464
"721",27,3,1999,1.8483,5.3463
"722",28,3,1999,1.5492,6.8202
"723",29,3,1999,1.0275,7.2884
"724",30,3,1999,0.8529,7.1709
"725",31,3,1999,2.517,5.7094
"726",1,9,1999,3.46,11.5725
"727",2,9,1999,2.3987,11.2668
"728",3,9,1999,1.911,8.4842
"729",4,9,1999,2.1597,7.5861
"730",5,9,1999,1.8248,8.3109
"731",6,9,1999,0.9454,6.9324
"732",7,9,1999,0.8667,4.4061
"733",8,9,1999,0.9222,5.3921
"734",9,9,1999,0.5993,5.7737
"735",10,9,1999,0.8727,6.3101
"736",11,9,1999,0.7151,4.9442
"737",12,9,1999,1.9041,5.2705
"738",13,9,1999,3.4518,7.6052
"739",14,9,1999,7.2254,9.1648
"740",15,9,1999,9.7975,9.5006
"741",16,9,1999,3.7433,8.1965
"742",17,9,1999,1.881,7.2293
"743",18,9,1999,2.4905,7.3626
"744",19,9,1999,2.7925,7.7808
"745",20,9,1999,3.0858,8.5208
"746",21,9,1999,3.0532,8.5932
"747",22,9,1999,3.4412,7.99
"748",23,9,1999,1.9482,7.0069
"749",24,9,1999,1.8322,6.5378
"750",25,9,1999,1.2448,7.2129
"751",26,9,1999,1.7018,4.6501
"752",27,9,1999,1.7672,4.9058
"753",28,9,1999,1.6867,4.7295
"754",29,9,1999,0.9889,5.2688
"755",30,9,1999,0.9668,6.7744
"756",1,10,1999,1.1868,5.9863
"757",2,10,1999,2.0467,5.6961
"758",3,10,1999,2.2144,5.5824
"759",4,10,1999,1.6262,5.2249
"760",5,10,1999,1.1752,5.904
"761",6,10,1999,1.036,5.5243
"762",7,10,1999,2.267,5.6763
"763",8,10,1999,3.2137,6.0387
"764",9,10,1999,3.434,6.3255
"765",10,10,1999,1.6762,6.2513
"766",11,10,1999,1.6306,6.3423
"767",12,10,1999,1.7904,5.6266
"768",13,10,1999,1.7287,5.781
"769",14,10,1999,1.5115,5.7928
"770",15,10,1999,2.8403,5.5833
"771",16,10,1999,7.0818,8.0292
"772",17,10,1999,4.1187,6.0211
"773",18,10,1999,1.5461,6.3897
"774",19,10,1999,1.4668,6.3416
"775",20,10,1999,1.527,6.8252
"776",21,10,1999,2.1734,6.9656
"777",22,10,1999,2.3583,5.6565
"778",23,10,1999,1.6666,6.4936
"779",24,10,1999,1.5807,6.0398
"780",25,10,1999,2.0505,6.2454
"781",26,10,1999,1.8859,5.8397
"782",27,10,1999,2.1206,5.625
"783",28,10,1999,1.9918,6.071
"784",29,10,1999,2.7876,5.9066
"785",30,10,1999,3.0564,6.604
"786",31,10,1999,2.7648,6.444
"787",1,11,1999,1.8484,5.8952
"788",2,11,1999,1.8733,5.3569
"789",3,11,1999,3.18,6.179
"790",4,11,1999,2.1614,5.9939
"791",5,11,1999,2.2301,5.5052
"792",6,11,1999,2.4733,5.85
"793",7,11,1999,2.183,6.0312
"794",8,11,1999,2.06,5.5661
"795",9,11,1999,2.2558,5.6063
"796",10,11,1999,1.8736,5.5356
"797",11,11,1999,1.5636,5.6922
"798",12,11,1999,1.647,5.4963
"799",13,11,1999,2.5091,6.4456
"800",14,11,1999,2.1153,6.1536
"801",15,11,1999,1.4487,6.5339
"802",16,11,1999,1.8574,5.6294
"803",17,11,1999,1.9437,5.6601
"804",18,11,1999,1.8162,5.8523
"805",19,11,1999,2.7109,5.6255
"806",20,11,1999,2.5719,6.2704
"807",21,11,1999,2.3125,7.0444
"808",22,11,1999,2.7155,7.3498
"809",23,11,1999,2.8131,8.0829
"810",24,11,1999,3.0416,8.0256
"811",25,11,1999,2.4612,6.8524
"812",26,11,1999,2.6265,7.736
"813",27,11,1999,2.6084,8.6983
"814",28,11,1999,2.7411,7.3596
"815",29,11,1999,2.1071,7.6033
"816",30,11,1999,3.4707,8.0606
"817",1,12,1999,3.2733,6.5321
"818",2,12,1999,3.1404,8.4095
"819",3,12,1999,3.2773,8.5931
"820",4,12,1999,1.9142,7.5044
"821",5,12,1999,1.5585,5.8825
"822",6,12,1999,1.9037,5.4713
"823",7,12,1999,1.6021,5.6011
"824",8,12,1999,1.2731,5.5211
"825",9,12,1999,1.637,5.106
"826",10,12,1999,1.3391,5.4565
"827",11,12,1999,0.8013,5.7984
"828",12,12,1999,1.2328,6.1076
"829",13,12,1999,2.0528,5.1886
"830",14,12,1999,1.8016,5.8085
"831",15,12,1999,1.3728,6.0654
"832",16,12,1999,1.8648,8.8589
"833",17,12,1999,1.8538,5.7293
"834",18,12,1999,2.3696,5.79
"835",19,12,1999,2.1491,6.7805
"836",20,12,1999,1.3867,7.4586
"837",21,12,1999,1.4431,6.4621
"838",22,12,1999,1.3352,6.8417
"839",23,12,1999,1.8397,6.0042
"840",24,12,1999,1.9721,5.265
"841",25,12,1999,2.4438,5.3286
"842",26,12,1999,2.4894,5.9728
"843",27,12,1999,1.8663,4.9926
"844",28,12,1999,1.3991,4.2972
"845",29,12,1999,2.059,5.5815
"846",30,12,1999,0.9547,5.458
"847",31,12,1999,0.5698,8.9662
"848",1,1,2000,0.5505,8.843
"849",2,1,2000,0.6585,6.4703
"850",3,1,2000,1.1553,5.9654
"851",4,1,2000,1.2722,5.5766
"852",5,1,2000,2.164,5.5808
"853",6,1,2000,1.7668,5.5221
"854",7,1,2000,2.1731,6.3468
"855",8,1,2000,1.4311,6.7004
"856",9,1,2000,1.1643,7.4428
"857",10,1,2000,1.2819,6.9858
"858",11,1,2000,1.2838,5.9004
"859",12,1,2000,0.9082,7.6181
"860",13,1,2000,0.7821,7.3791
"861",14,1,2000,3.7185,8.6432
"862",15,1,2000,4.0846,7.2501
"863",16,1,2000,2.5831,7.1418
"864",17,1,2000,1.8149,7.3206
"865",18,1,2000,1.6279,5.922
"866",19,1,2000,1.7159,6.7894
"867",20,1,2000,1.6242,7.4584
"868",21,1,2000,2.7964,6.0888
"869",22,1,2000,1.7604,7.506
"870",23,1,2000,1.2974,8.0945
"871",24,1,2000,2.3135,4.8273
"872",25,1,2000,2.7824,5.9981
"873",26,1,2000,2.2966,5.3926
"874",27,1,2000,1.3325,5.4971
"875",28,1,2000,2.0185,5.5478
"876",29,1,2000,2.8273,6.19
"877",30,1,2000,2.9419,6.5183
"878",31,1,2000,2.0064,5.4948
"879",1,2,2000,1.3376,5.4273
"880",2,2,2000,1.2005,5.0824
"881",3,2,2000,1.2247,5.2951
"882",4,2,2000,1.1786,5.8102
"883",5,2,2000,2.174,5.7582
"884",6,2,2000,1.9726,5.428
"885",7,2,2000,0.7634,6.0468
"886",8,2,2000,0.5104,6.5527
"887",9,2,2000,2.2268,5.4205
"888",10,2,2000,2.8111,6.931
"889",11,2,2000,1.6338,7.5843
"890",12,2,2000,1.0973,5.2248
"891",13,2,2000,0.862,5.2892
"892",14,2,2000,1.7154,4.684
"893",15,2,2000,1.6185,5.2291
"894",16,2,2000,1.1413,6.218
"895",17,2,2000,0.8935,7.6244
"896",18,2,2000,1.7349,5.6487
"897",19,2,2000,1.7347,6.3299
"898",20,2,2000,1.5189,5.1172
"899",21,2,2000,1.7868,5.5036
"900",22,2,2000,2.0794,5.4514
"901",23,2,2000,2.3132,5.6849
"902",24,2,2000,2.5654,7.047
"903",25,2,2000,2.5166,7.0603
"904",26,2,2000,1.9795,6.2448
"905",27,2,2000,1.6933,6.153
"906",28,2,2000,1.4503,6.3243
"907",29,2,2000,1.7615,8.2135
"908",1,3,2000,1.6757,8.6659
"909",2,3,2000,1.5032,7.8569
"910",3,3,2000,1.226,6.0517
"911",4,3,2000,1.068,6.2289
"912",5,3,2000,1.621,6.2939
"913",6,3,2000,0.9958,6.7782
"914",7,3,2000,1.2608,4.8252
"915",8,3,2000,1.3994,5.6177
"916",9,3,2000,0.9429,7.3577
"917",10,3,2000,0.9287,6.4502
"918",11,3,2000,2.0674,4.6678
"919",12,3,2000,2.1094,4.7276
"920",13,3,2000,1.351,5.411
"921",14,3,2000,1.0232,4.9542
"922",15,3,2000,1.5482,4.9534
"923",16,3,2000,1.8316,5.0794
"924",17,3,2000,1.6845,6.1637
"925",18,3,2000,3.0676,6.7056
"926",19,3,2000,4.0741,7.2269
"927",20,3,2000,2.7263,7.7875
"928",21,3,2000,2.5778,9.9194
"929",22,3,2000,2.1801,8.4875
"930",23,3,2000,2.7431,6.4267
"931",24,3,2000,2.949,7.7931
"932",25,3,2000,2.8659,8.8284
"933",26,3,2000,2.5853,9.0751
"934",27,3,2000,1.59,5.936
"935",28,3,2000,1.6333,5.6014
"936",29,3,2000,1.0533,6.1821
"937",30,3,2000,1.0133,6.0757
"938",31,3,2000,1.0658,4.0931
"939",1,9,2000,1.376,4.5212
"940",2,9,2000,0.8908,5.5048
"941",3,9,2000,0.8625,6.3525
"942",4,9,2000,0.7571,5.443
"943",5,9,2000,0.9087,4.9533
"944",6,9,2000,1.1598,5.1638
"945",7,9,2000,1.9379,9.3409
"946",8,9,2000,2.0782,8.6975
"947",9,9,2000,2.4375,7.7333
"948",10,9,2000,2.4301,6.2032
"949",11,9,2000,1.8038,6.331
"950",12,9,2000,2.3306,7.4634
"951",13,9,2000,2.2336,7.8481
"952",14,9,2000,1.7474,6.7705
"953",15,9,2000,1.4796,6.8248
"954",16,9,2000,1.0874,5.9908
"955",17,9,2000,2.5841,6.0624
"956",18,9,2000,2.0483,4.821
"957",19,9,2000,1.0441,5.457
"958",20,9,2000,1.7531,4.9253
"959",21,9,2000,1.4605,4.8298
"960",22,9,2000,1.11,4.2978
"961",23,9,2000,1.0789,4.6309
"962",24,9,2000,0.9857,6.4511
"963",25,9,2000,0.8033,6.6576
"964",26,9,2000,0.8536,8.047
"965",27,9,2000,1.328,7.6096
"966",28,9,2000,2.1697,5.6814
"967",29,9,2000,1.8579,5.4939
"968",30,9,2000,3.4462,7.6833
"969",1,10,2000,3.7655,7.5699
"970",2,10,2000,2.8798,8.0769
"971",3,10,2000,2.3296,6.9749
"972",4,10,2000,3.2761,5.7039
"973",5,10,2000,1.7643,5.6319
"974",6,10,2000,0.8777,7.0926
"975",7,10,2000,1.0263,7.2802
"976",8,10,2000,1.7873,5.1233
"977",9,10,2000,3.5349,6.1943
"978",10,10,2000,3.048,6.4346
"979",11,10,2000,2.1098,5.8647
"980",12,10,2000,2.5061,5.758
"981",13,10,2000,2.5358,6.0467
"982",14,10,2000,2.4614,6.2125
"983",15,10,2000,2.6241,6.6289
"984",16,10,2000,2.389,6.9255
"985",17,10,2000,2.0627,7.0622
"986",18,10,2000,1.6869,5.8819
"987",19,10,2000,1.5056,6.5476
"988",20,10,2000,1.7962,6.0031
"989",21,10,2000,2.7475,5.456
"990",22,10,2000,2.0062,5.2979
"991",23,10,2000,2.671,5.8418
"992",24,10,2000,3.8109,7.0854
"993",25,10,2000,3.529,7.0824
"994",26,10,2000,3.0659,7.3952
"995",27,10,2000,3.532,7.8163
"996",28,10,2000,2.7293,8.2816
"997",29,10,2000,1.8186,8.2861
"998",30,10,2000,1.2959,7.6118
"999",31,10,2000,1.4339,5.7335
"1000",1,11,2000,0.9356,5.3751
"1001",2,11,2000,0.9791,6.3058
"1002",3,11,2000,1.4569,5.9796
"1003",4,11,2000,1.4665,6.482
"1004",5,11,2000,1.4815,7.8239
"1005",6,11,2000,1.2835,6.4445
"1006",7,11,2000,1.4893,6.2621
"1007",8,11,2000,1.071,5.9763
"1008",9,11,2000,1.5592,4.6128
"1009",10,11,2000,1.55,5.4425
"1010",11,11,2000,1.2419,5.5618
"1011",12,11,2000,1.1615,6.0432
"1012",13,11,2000,1.2148,7.4414
"1013",14,11,2000,1.4266,7.1044
"1014",15,11,2000,1.7688,5.1208
"1015",16,11,2000,1.1684,5.548
"1016",17,11,2000,1.3731,4.8253
"1017",18,11,2000,1.4728,5.1998
"1018",19,11,2000,1.0984,4.9221
"1019",20,11,2000,2.4271,5.1438
"1020",21,11,2000,2.6457,5.3562
"1021",22,11,2000,2.2472,5.6615
"1022",23,11,2000,1.1615,5.2619
"1023",24,11,2000,2.0713,5.043
"1024",25,11,2000,2.6983,5.5315
"1025",26,11,2000,2.2556,6.4441
"1026",27,11,2000,1.6985,6.6122
"1027",28,11,2000,1.4928,5.5993
"1028",29,11,2000,1.0903,5.8122
"1029",30,11,2000,1.4071,4.9293
"1030",1,12,2000,1.3534,5.2318
"1031",2,12,2000,0.9373,6.0337
"1032",3,12,2000,2.4516,6.0661
"1033",4,12,2000,2.8499,6.2265
"1034",5,12,2000,2.9309,7.4278
"1035",6,12,2000,2.5301,8.3583
"1036",7,12,2000,1.9041,8.0291
"1037",8,12,2000,1.2029,5.5667
"1038",9,12,2000,1.0114,4.9118
"1039",10,12,2000,1.3902,5.0526
"1040",11,12,2000,1.4356,5.0682
"1041",12,12,2000,1.7572,5.4108
"1042",13,12,2000,1.2302,5.6594
"1043",14,12,2000,1.8757,5.3796
"1044",15,12,2000,1.3722,5.7975
"1045",16,12,2000,1.7442,5.3889
"1046",17,12,2000,1.8853,4.7192
"1047",18,12,2000,1.6377,7.3423
"1048",19,12,2000,2.3762,8.0771
"1049",20,12,2000,2.3793,5.4779
"1050",21,12,2000,1.5936,5.2956
"1051",22,12,2000,1.5698,6.1385
"1052",23,12,2000,2.1197,5.5082
"1053",24,12,2000,2.2544,5.6221
"1054",25,12,2000,3.071,6.102
"1055",26,12,2000,3.4392,6.4915
"1056",27,12,2000,2.4064,6.0198
"1057",28,12,2000,1.5359,5.9635
"1058",29,12,2000,3.7943,7.0107
"1059",30,12,2000,2.2972,7.0822
"1060",31,12,2000,1.7398,5.1805
"1061",1,1,2001,1.1827,5.3227
"1062",2,1,2001,1.8379,5.3944
"1063",3,1,2001,1.6468,5.573
"1064",4,1,2001,2.015,5.211
"1065",5,1,2001,1.5592,5.6765
"1066",6,1,2001,1.4125,5.7697
"1067",7,1,2001,1.2544,6.3836
"1068",8,1,2001,1.3795,5.4493
"1069",9,1,2001,2.0245,5.1827
"1070",10,1,2001,2.4724,5.8187
"1071",11,1,2001,1.7572,6.1795
"1072",12,1,2001,1.1584,5.7146
"1073",13,1,2001,3.1976,6.3706
"1074",14,1,2001,2.8419,6.1295
"1075",15,1,2001,1.5875,6.6559
"1076",16,1,2001,1.3234,6.8073
"1077",17,1,2001,0.9618,6.7635
"1078",18,1,2001,0.7442,5.5588
"1079",19,1,2001,1.6601,5.3586
"1080",20,1,2001,1.808,4.4533
"1081",21,1,2001,2.0565,5.4724
"1082",22,1,2001,1.9546,5.1412
"1083",23,1,2001,4.0057,6.5423
"1084",24,1,2001,4.1062,8.3135
"1085",25,1,2001,2.2478,8.9612
"1086",26,1,2001,1.9837,6.5131
"1087",27,1,2001,1.6611,10.0003
"1088",28,1,2001,1.6416,10.1107
"1089",29,1,2001,1.4085,9.2457
"1090",30,1,2001,1.616,4.6824
"1091",31,1,2001,1.3015,4.3415
"1092",1,2,2001,0.9386,3.7667
"1093",2,2,2001,0.5747,5.0268
"1094",3,2,2001,1.2211,4.3485
"1095",4,2,2001,2.1212,4.9875
"1096",5,2,2001,1.6363,4.992
"1097",6,2,2001,1.2227,6.7599
"1098",7,2,2001,0.8341,7.0731
"1099",8,2,2001,1.4665,4.7959
"1100",9,2,2001,1.924,5.1712
"1101",10,2,2001,1.5112,6.0941
"1102",11,2,2001,1.0533,7.232
"1103",12,2,2001,1.8703,6.4011
"1104",13,2,2001,1.8708,6.4874
"1105",14,2,2001,1.3678,6.4451
"1106",15,2,2001,1.1413,6.7091
"1107",16,2,2001,0.999,6.525
"1108",17,2,2001,1.3687,4.4773
"1109",18,2,2001,1.996,5.3798
"1110",19,2,2001,2.0475,5.5284
"1111",20,2,2001,1.5494,5.4736
"1112",21,2,2001,1.4484,5.6833
"1113",22,2,2001,0.7067,6.246
"1114",23,2,2001,0.9917,6.2706
"1115",24,2,2001,2.3649,5.4991
"1116",25,2,2001,2.2124,5.8203
"1117",26,2,2001,1.5873,6.9125
"1118",27,2,2001,0.9407,7.4363
"1119",28,2,2001,1.3274,6.7085
"1120",1,3,2001,1.1497,8.1791
"1121",2,3,2001,1.0286,9.0059
"1122",3,3,2001,1.2659,4.4364
"1123",4,3,2001,1.3382,4.1093
"1124",5,3,2001,2.5376,5.3804
"1125",6,3,2001,2.8645,5.8875
"1126",7,3,2001,2.9696,6.3672
"1127",8,3,2001,1.648,6.9052
"1128",9,3,2001,1.8355,10.1984
"1129",10,3,2001,1.6353,7.5411
"1130",11,3,2001,1.5809,6.3685
"1131",12,3,2001,1.8615,5.2104
"1132",13,3,2001,2.0684,4.8127
"1133",14,3,2001,1.0422,5.4877
"1134",15,3,2001,1.2403,5.5981
"1135",16,3,2001,1.1612,4.1627
"1136",17,3,2001,0.7912,4.6267
"1137",18,3,2001,1.5895,4.5803
"1138",19,3,2001,4.5926,7.2078
"1139",20,3,2001,5.1196,8.3583
"1140",21,3,2001,3.3256,7.3568
"1141",22,3,2001,2.1109,5.5189
"1142",23,3,2001,1.0433,6.3757
"1143",24,3,2001,1.5743,6.798
"1144",25,3,2001,0.9266,6.8499
"1145",26,3,2001,1.2377,6.8337
"1146",27,3,2001,1.3809,4.8996
"1147",28,3,2001,1.4877,5.9586
"1148",29,3,2001,2.6349,5.9661
"1149",30,3,2001,2.1987,7.3434
"1150",31,3,2001,2.0701,7.2934
"1151",1,9,2001,0.8541,5.0138
"1152",2,9,2001,0.5088,5.8806
"1153",3,9,2001,0.5402,5.4953
"1154",4,9,2001,0.5548,5.3441
"1155",5,9,2001,0.4846,5.3
"1156",6,9,2001,0.5775,4.9079
"1157",7,9,2001,0.7707,4.6882
"1158",8,9,2001,1.2118,5.4937
"1159",9,9,2001,1.4119,4.6248
"1160",10,9,2001,1.2079,4.8634
"1161",11,9,2001,1.698,6.2883
"1162",12,9,2001,1.6867,6.2738
"1163",13,9,2001,2.0778,5.6884
"1164",14,9,2001,3.3303,6.4734
"1165",15,9,2001,3.3191,7.2177
"1166",16,9,2001,4.1606,7.5353
"1167",17,9,2001,3.045,8.6076
"1168",18,9,2001,2.1694,8.4011
"1169",19,9,2001,1.9192,9.0295
"1170",20,9,2001,1.9211,8.743
"1171",21,9,2001,1.2032,8.4353
"1172",22,9,2001,1.1136,7.8395
"1173",23,9,2001,0.9214,5.7665
"1174",24,9,2001,1.4162,6.4047
"1175",25,9,2001,1.4492,5.5213
"1176",26,9,2001,0.9356,6.6765
"1177",27,9,2001,0.8513,6.2962
"1178",28,9,2001,0.9369,6.3363
"1179",29,9,2001,2.4603,5.7147
"1180",30,9,2001,3.8983,6.7216
"1181",1,10,2001,2.7593,6.6096
"1182",2,10,2001,1.8408,7.3179
"1183",3,10,2001,1.669,7.4887
"1184",4,10,2001,1.1053,5.5015
"1185",5,10,2001,1.0181,5.4704
"1186",6,10,2001,0.9626,5.5641
"1187",7,10,2001,1.1745,4.3488
"1188",8,10,2001,3.2839,6.1046
"1189",9,10,2001,3.9843,6.8211
"1190",10,10,2001,3.7631,6.7853
"1191",11,10,2001,3.4512,6.801
"1192",12,10,2001,2.6253,7.579
"1193",13,10,2001,2.897,8.2174
"1194",14,10,2001,2.9573,6.9127
"1195",15,10,2001,1.8759,5.9785
"1196",16,10,2001,1.4952,6.4335
"1197",17,10,2001,2.6807,5.5548
"1198",18,10,2001,2.3895,5.5131
"1199",19,10,2001,2.9659,6.6318
"1200",20,10,2001,2.3644,6.4167
"1201",21,10,2001,1.6872,5.4057
"1202",22,10,2001,1.3134,5.5567
"1203",23,10,2001,1.0212,5.9461
"1204",24,10,2001,0.6836,6.0258
"1205",25,10,2001,0.8399,5.8045
"1206",26,10,2001,2.3196,5.347
"1207",27,10,2001,2.4531,5.3709
"1208",28,10,2001,2.1834,5.2475
"1209",29,10,2001,2.5095,5.6131
"1210",30,10,2001,2.4902,5.7515
"1211",31,10,2001,2.7593,5.9246
"1212",1,11,2001,3.2607,6.4645
"1213",2,11,2001,3.4788,6.7095
"1214",3,11,2001,3.0138,6.4117
"1215",4,11,2001,2.8995,6.1949
"1216",5,11,2001,4.1366,6.6726
"1217",6,11,2001,5.3982,9.1172
"1218",7,11,2001,4.1987,8.4221
"1219",8,11,2001,2.008,8.2561
"1220",9,11,2001,1.0594,8.0866
"1221",10,11,2001,0.8827,6.6828
"1222",11,11,2001,0.7555,6.5322
"1223",12,11,2001,0.6819,5.7966
"1224",13,11,2001,4.0018,6.9378
"1225",14,11,2001,4.4533,7.3983
"1226",15,11,2001,4.141,7.7363
"1227",16,11,2001,3.5951,6.4429
"1228",17,11,2001,3.4641,6.7752
"1229",18,11,2001,2.9869,6.8535
"1230",19,11,2001,2.3433,7.5548
"1231",20,11,2001,2.1566,7.7329
"1232",21,11,2001,1.6502,8.5496
"1233",22,11,2001,1.6338,7.0937
"1234",23,11,2001,1.4915,7.0338
"1235",24,11,2001,1.767,5.1173
"1236",25,11,2001,1.7506,5.4599
"1237",26,11,2001,1.4325,5.8433
"1238",27,11,2001,3.0635,10.2424
"1239",28,11,2001,3.0841,10.0528
"1240",29,11,2001,2.1536,8.0769
"1241",30,11,2001,1.728,7.0776
"1242",1,12,2001,2.0871,8.4781
"1243",2,12,2001,1.9717,7.0947
"1244",3,12,2001,1.6399,6.6527
"1245",4,12,2001,1.8436,5.6625
"1246",5,12,2001,2.5638,6.2096
"1247",6,12,2001,2.4392,6.4671
"1248",7,12,2001,2.3166,6.5819
"1249",8,12,2001,1.582,6.3898
"1250",9,12,2001,1.4874,6.8367
"1251",10,12,2001,1.1371,6.9607
"1252",11,12,2001,1.6902,6.6798
"1253",12,12,2001,1.0321,6.9172
"1254",13,12,2001,1.4564,6.1234
"1255",14,12,2001,1.6348,6.4161
"1256",15,12,2001,1.4361,7.4231
"1257",16,12,2001,2.5034,5.6986
"1258",17,12,2001,2.2055,6.2344
"1259",18,12,2001,1.6511,5.36
"1260",19,12,2001,1.1085,6.1452
"1261",20,12,2001,1.5149,4.5916
"1262",21,12,2001,1.3902,4.9333
"1263",22,12,2001,1.237,5.1005
"1264",23,12,2001,1.69,4.8572
"1265",24,12,2001,1.7231,4.6325
"1266",25,12,2001,1.1343,5.2746
"1267",26,12,2001,1.8936,5.1838
"1268",27,12,2001,1.9938,5.6249
"1269",28,12,2001,0.9056,5.8208
"1270",29,12,2001,2.079,4.7448
"1271",30,12,2001,0.9029,4.7995
"1272",31,12,2001,0.7912,5.2785
"1273",1,1,2002,1.2719,4.575
"1274",2,1,2002,1.8917,4.7897
"1275",3,1,2002,2.1066,4.9497
"1276",4,1,2002,2.6553,5.2502
"1277",5,1,2002,2.389,8.5647
"1278",6,1,2002,2.8335,8.3877
"1279",7,1,2002,1.6838,5.0186
"1280",8,1,2002,2.2077,5.3563
"1281",9,1,2002,0.9534,5.4718
"1282",10,1,2002,0.6585,5.8583
"1283",11,1,2002,0.5952,6.6197
"1284",12,1,2002,0.5088,7.9682
"1285",13,1,2002,1.6165,5.2708
"1286",14,1,2002,1.3581,6.3278
"1287",15,1,2002,1.785,4.6032
"1288",16,1,2002,1.0267,5.0259
"1289",17,1,2002,0.6783,5.5527
"1290",18,1,2002,0.8274,5.5239
"1291",19,1,2002,0.8196,5.6866
"1292",20,1,2002,0.8822,5.3936
"1293",21,1,2002,0.7274,6.8327
"1294",22,1,2002,0.9804,5.7053
"1295",23,1,2002,1.4481,5.6018
"1296",24,1,2002,1.3543,5.804
"1297",25,1,2002,1.543,5.9517
"1298",26,1,2002,1.2897,7.3971
"1299",27,1,2002,1.5136,6.6212
"1300",28,1,2002,0.8708,6.733
"1301",29,1,2002,0.7953,7.1091
"1302",30,1,2002,0.9343,6.3762
"1303",31,1,2002,1.1179,4.5566
"1304",1,2,2002,1.3379,5.3258
"1305",2,2,2002,1.1329,6.9328
"1306",3,2,2002,1.584,6.6033
"1307",4,2,2002,1.8047,6.6265
"1308",5,2,2002,2.2471,5.9838
"1309",6,2,2002,1.7862,6.4747
"1310",7,2,2002,2.1936,4.9236
"1311",8,2,2002,2.1329,5.9084
"1312",9,2,2002,1.3513,6.2523
"1313",10,2,2002,1.5764,5.2018
"1314",11,2,2002,1.3155,5.1926
"1315",12,2,2002,1.239,7.1182
"1316",13,2,2002,1.5362,7.2905
"1317",14,2,2002,1.3454,5.3968
"1318",15,2,2002,2.7976,7.9078
"1319",16,2,2002,1.9476,7.4092
"1320",17,2,2002,1.7747,6.8626
"1321",18,2,2002,2.0624,5.647
"1322",19,2,2002,2.113,6.1564
"1323",20,2,2002,2.4383,5.7764
"1324",21,2,2002,2.2435,6.0276
"1325",22,2,2002,1.2519,5.862
"1326",23,2,2002,3.8763,6.3932
"1327",24,2,2002,4.0845,7.6616
"1328",25,2,2002,3.1413,8.5354
"1329",26,2,2002,2.4006,9.3499
"1330",27,2,2002,2.3865,7.9116
"1331",28,2,2002,2.4027,6.6727
"1332",1,3,2002,1.8292,5.7623
"1333",2,3,2002,3.3597,6.0045
"1334",3,3,2002,2.9636,6.3048
"1335",4,3,2002,2.4031,5.5827
"1336",5,3,2002,2.4352,5.5276
"1337",6,3,2002,1.9215,5.6438
"1338",7,3,2002,2.3088,7.3155
"1339",8,3,2002,2.3265,7.0703
"1340",9,3,2002,1.7794,6.4241
"1341",10,3,2002,1.9441,7.0177
"1342",11,3,2002,2.043,6.2403
"1343",12,3,2002,2.1018,5.7805
"1344",13,3,2002,1.714,5.9749
"1345",14,3,2002,1.2318,7.2846
"1346",15,3,2002,0.8322,7.6266
"1347",16,3,2002,0.7948,7.1206
"1348",17,3,2002,0.8293,6.97
"1349",18,3,2002,0.7892,6.7491
"1350",19,3,2002,0.9551,6.0326
"1351",20,3,2002,1.3546,5.7198
"1352",21,3,2002,1.34,4.9547
"1353",22,3,2002,1.9534,4.9652
"1354",23,3,2002,1.946,6.6333
"1355",24,3,2002,1.6632,7.1368
"1356",25,3,2002,1.1272,6.0682
"1357",26,3,2002,1.5263,5.9856
"1358",27,3,2002,1.2467,5.3228
"1359",28,3,2002,0.9183,6.0278
"1360",29,3,2002,1.406,6.2062
"1361",30,3,2002,1.734,5.7386
"1362",31,3,2002,1.3821,6.1928
"1363",1,9,2002,1.1594,6.4499
"1364",2,9,2002,1.0703,6.5147
"1365",3,9,2002,1.3097,5.2818
"1366",4,9,2002,1.582,5.1162
"1367",5,9,2002,1.3859,5.0074
"1368",6,9,2002,1.2531,6.5282
"1369",7,9,2002,1.4498,5.7338
"1370",8,9,2002,1.5341,5.4696
"1371",9,9,2002,1.461,6.0989
"1372",10,9,2002,1.6521,8.2022
"1373",11,9,2002,1.3528,7.9979
"1374",12,9,2002,1.0255,5.0513
"1375",13,9,2002,1.2547,4.4032
"1376",14,9,2002,1.2554,4.605
"1377",15,9,2002,1.1452,5.5663
"1378",16,9,2002,1.0556,5.8261
"1379",17,9,2002,1.3622,7.1516
"1380",18,9,2002,1.1601,7.3107
"1381",19,9,2002,1.1006,6.8923
"1382",20,9,2002,1.1615,4.8823
"1383",21,9,2002,1.0815,4.817
"1384",22,9,2002,1.2794,5.2463
"1385",23,9,2002,1.1371,5.4586
"1386",24,9,2002,1.3231,4.9388
"1387",25,9,2002,1.6254,4.7769
"1388",26,9,2002,2.0655,4.8373
"1389",27,9,2002,1.9756,5.871
"1390",28,9,2002,2.0501,10.4363
"1391",29,9,2002,2.0703,9.7939
"1392",30,9,2002,1.7724,6.8682
"1393",1,10,2002,1.9305,5.9341
"1394",2,10,2002,1.7886,7.0415
"1395",3,10,2002,2.2592,6.9931
"1396",4,10,2002,1.757,6.5171
"1397",5,10,2002,1.5677,7.7122
"1398",6,10,2002,1.0479,7.1786
"1399",7,10,2002,0.6682,5.8794
"1400",8,10,2002,0.8546,6.5595
"1401",9,10,2002,1.8499,6.3314
"1402",10,10,2002,2.0432,6.5968
"1403",11,10,2002,1.5662,6.6842
"1404",12,10,2002,1.2387,6.6615
"1405",13,10,2002,0.8886,6.4864
"1406",14,10,2002,1.2554,5.5461
"1407",15,10,2002,1.67,6.873
"1408",16,10,2002,1.6615,6.4309
"1409",17,10,2002,1.2674,5.4787
"1410",18,10,2002,1.369,4.981
"1411",19,10,2002,1.257,5.9691
"1412",20,10,2002,1.294,5.7864
"1413",21,10,2002,0.939,5.9183
"1414",22,10,2002,0.7426,6.6147
"1415",23,10,2002,1.1431,9.2473
"1416",24,10,2002,1.1864,7.5712
"1417",25,10,2002,1.6212,8.248
"1418",26,10,2002,1.6063,7.9961
"1419",27,10,2002,1.5546,7.6678
"1420",28,10,2002,0.9471,6.9882
"1421",29,10,2002,0.8791,6.1326
"1422",30,10,2002,1.3693,4.3068
"1423",31,10,2002,0.9697,4.6004
"1424",1,11,2002,1.0866,5.6556
"1425",2,11,2002,1.3131,5.2455
"1426",3,11,2002,1.1494,5.9996
"1427",4,11,2002,0.7157,6.6246
"1428",5,11,2002,1.3745,4.553
"1429",6,11,2002,2.0859,4.6629
"1430",7,11,2002,2.21,6.6202
"1431",8,11,2002,1.4558,6.0069
"1432",9,11,2002,1.2102,6.6835
"1433",10,11,2002,1.4114,5.8354
"1434",11,11,2002,1.6098,5.571
"1435",12,11,2002,1.2794,5.7634
"1436",13,11,2002,2.7728,6.1855
"1437",14,11,2002,2.1694,7.0359
"1438",15,11,2002,1.7039,6.697
"1439",16,11,2002,2.3511,6.4313
"1440",17,11,2002,2.6575,5.314
"1441",18,11,2002,2.3055,5.6038
"1442",19,11,2002,1.5908,5.8558
"1443",20,11,2002,1.7129,5.4536
"1444",21,11,2002,1.6203,6.3407
"1445",22,11,2002,1.537,5.6993
"1446",23,11,2002,2.167,5.6838
"1447",24,11,2002,1.1218,6.2335
"1448",25,11,2002,0.8245,6.0868
"1449",26,11,2002,0.9705,5.7241
"1450",27,11,2002,1.0391,5.6726
"1451",28,11,2002,1.3415,5.0797
"1452",29,11,2002,1.7715,5.5568
"1453",30,11,2002,1.2409,5.599
"1454",2,12,2002,0.7421,5.325
"1455",3,12,2002,0.6771,5.5881
"1456",4,12,2002,1.4088,4.52
"1457",5,12,2002,1.7476,5.6557
"1458",6,12,2002,1.8906,5.6628
"1459",7,12,2002,2.1709,5.5384
"1460",8,12,2002,1.8009,5.5051
"1461",9,12,2002,2.9265,5.5734
"1462",10,12,2002,4.0005,6.912
"1463",11,12,2002,1.5131,6.007
"1464",12,12,2002,1.1129,6.4136
"1465",13,12,2002,2.1146,5.3821
"1466",14,12,2002,1.7238,4.7156
"1467",15,12,2002,1.6409,5.6128
"1468",16,12,2002,1.1494,5.485
"1469",17,12,2002,0.838,5.2707
"1470",18,12,2002,0.9701,5.2596
"1471",19,12,2002,2.4321,5.8352
"1472",20,12,2002,2.0499,5.7358
"1473",21,12,2002,2.1636,5.9367
"1474",22,12,2002,1.2728,6.6273
"1475",23,12,2002,0.5641,6.692
"1476",24,12,2002,1.8259,4.6854
"1477",25,12,2002,1.9867,4.8077
"1478",26,12,2002,1.7693,5.0336
"1479",27,12,2002,1.0263,5.959
"1480",28,12,2002,1.8656,6.7338
"1481",29,12,2002,1.3876,5.3717
"1482",30,12,2002,0.9917,5.8376
"1483",31,12,2002,2.4707,5.2395
"1484",1,1,2003,2.7384,5.7049
"1485",2,1,2003,1.1854,8.3229
"1486",3,1,2003,1.5305,8.6141
"1487",4,1,2003,2.0637,5.1997
"1488",5,1,2003,0.9187,6.723
"1489",6,1,2003,1.3322,7.4792
"1490",7,1,2003,2.6994,6.071
"1491",8,1,2003,1.8609,6.5097
"1492",9,1,2003,1.5878,4.6539
"1493",10,1,2003,1.2204,3.7736
"1494",11,1,2003,1.3619,5.3994
"1495",12,1,2003,1.5827,5.5037
"1496",13,1,2003,1.5756,5.1608
"1497",14,1,2003,1.5751,4.628
"1498",15,1,2003,1.6338,4.928
"1499",16,1,2003,1.8473,5.8265
"1500",17,1,2003,1.7079,4.8963
"1501",18,1,2003,2.0016,5.4001
"1502",19,1,2003,1.9918,5.53
"1503",20,1,2003,1.4122,6.9396
"1504",21,1,2003,0.7179,5.3844
"1505",22,1,2003,0.7943,3.6621
"1506",23,1,2003,3.3713,5.9065
"1507",24,1,2003,3.6381,7.1367
"1508",25,1,2003,2.7346,6.5273
"1509",26,1,2003,1.4456,6.9632
"1510",27,1,2003,2.4044,6.5626
"1511",28,1,2003,2.3585,6.7188
"1512",29,1,2003,1.7271,6.8957
"1513",30,1,2003,1.0387,6.3274
"1514",31,1,2003,0.8171,6.3734
"1515",1,2,2003,1.3602,6.3219
"1516",2,2,2003,1.1297,6.0771
"1517",3,2,2003,0.8171,6.3166
"1518",4,2,2003,1.1732,3.9992
"1519",5,2,2003,1.402,4.6502
"1520",6,2,2003,1.4131,5.3608
"1521",7,2,2003,1.0368,5.425
"1522",8,2,2003,1.8105,4.9469
"1523",9,2,2003,1.5797,5.198
"1524",10,2,2003,1.6898,5.9917
"1525",11,2,2003,1.4023,5.0653
"1526",12,2,2003,1.1186,5.7436
"1527",13,2,2003,1.6436,5.5986
"1528",14,2,2003,1.4423,5.746
"1529",15,2,2003,0.9296,4.6984
"1530",16,2,2003,0.7912,4.7056
"1531",18,2,2003,1.3421,7.5358
"1532",19,2,2003,1.119,6.7708
"1533",20,2,2003,1.0337,6.6665
"1534",21,2,2003,1.011,6.9666
"1535",22,2,2003,1.3489,4.8534
"1536",23,2,2003,1.6721,4.8505
"1537",24,2,2003,1.257,6.0852
"1538",25,2,2003,1.4159,5.6274
"1539",26,2,2003,1.3719,5.7113
"1540",27,2,2003,1.135,6.0506
"1541",28,2,2003,1.1958,8.0706
"1542",1,3,2003,1.3661,5.8789
"1543",2,3,2003,1.398,7.5443
"1544",3,3,2003,1.7063,9.0971
"1545",4,3,2003,2.2379,6.2857
"1546",5,3,2003,1.7354,7.2467
"1547",6,3,2003,1.2816,7.2767
"1548",7,3,2003,0.741,6.6792
"1549",8,3,2003,1.9855,5.5727
"1550",9,3,2003,1.8652,6.6756
"1551",10,3,2003,1.3983,6.0757
"1552",11,3,2003,1.1942,5.3035
"1553",12,3,2003,1.419,6.111
"1554",13,3,2003,1.1742,5.8588
"1555",14,3,2003,0.9231,7.4792
"1556",15,3,2003,1.8405,6.1598
"1557",16,3,2003,1.6596,6.4622
"1558",17,3,2003,1.4947,6.2653
"1559",18,3,2003,1.0914,5.9037
"1560",19,3,2003,1.1136,6.0109
"1561",20,3,2003,1.3838,5.5072
"1562",1,9,2003,1.4957,5.157
"1563",2,9,2003,1.2238,4.8464
"1564",3,9,2003,1.1177,7.0179
"1565",4,9,2003,1.7908,10.1994
"1566",5,9,2003,2.1675,11.224
"1567",6,9,2003,2.0804,9.2261
"1568",7,9,2003,1.2686,5.6041
"1569",8,9,2003,0.9924,5.3236
"1570",9,9,2003,1.4496,4.9826
"1571",10,9,2003,1.347,5.6885
"1572",11,9,2003,2.0957,5.7781
"1573",12,9,2003,2.0193,7.4724
"1574",13,9,2003,1.8331,9.9541
"1575",14,9,2003,1.8693,9.8844
"1576",15,9,2003,2.4806,10.4046
"1577",16,9,2003,4.8838,12.6378
"1578",17,9,2003,4.3139,8.9144
"1579",18,9,2003,3.6804,9.3804
"1580",19,9,2003,2.3391,8.2027
"1581",20,9,2003,1.1217,4.8072
"1582",21,9,2003,1.5909,4.7581
"1583",22,9,2003,1.3177,4.8306
"1584",23,9,2003,1.0971,5.3528
"1585",24,9,2003,0.6855,5.9167
"1586",25,9,2003,0.8401,5.6091
"1587",26,9,2003,0.964,5.3525
"1588",27,9,2003,0.97,4.465
"1589",28,9,2003,1.2532,7.4396
"1590",29,9,2003,1.6462,7.144
"1591",30,9,2003,2.1692,5.7318
"1592",1,10,2003,1.9884,5.9979
"1593",2,10,2003,1.868,5.0229
"1594",3,10,2003,2.426,6.3661
"1595",4,10,2003,2.6294,6.5071
"1596",5,10,2003,1.459,7.395
"1597",6,10,2003,1.4582,7.7674
"1598",7,10,2003,1.8179,7.9589
"1599",8,10,2003,1.7261,7.5345
"1600",9,10,2003,2.0384,6.9434
"1601",10,10,2003,1.6444,6.3156
"1602",11,10,2003,1.1949,6.768
"1603",12,10,2003,1.3608,6.7052
"1604",13,10,2003,1.0281,6.1645
"1605",14,10,2003,1.0509,4.4929
"1606",15,10,2003,1.8613,4.8062
"1607",16,10,2003,1.4041,4.7693
"1608",17,10,2003,1.3203,4.7172
"1609",18,10,2003,1.3475,4.9566
"1610",19,10,2003,1.6128,5.2777
"1611",20,10,2003,1.6767,5.2331
"1612",21,10,2003,1.2108,5.5343
"1613",22,10,2003,1.2394,5.8766
"1614",23,10,2003,1.054,5.5132
"1615",24,10,2003,0.9736,5.8265
"1616",25,10,2003,2.3472,5.6298
"1617",26,10,2003,2.2824,5.7737
"1618",27,10,2003,1.5062,6.2182
"1619",28,10,2003,1.4625,4.7869
"1620",29,10,2003,1.7346,5.1089
"1621",30,10,2003,2.1732,5.8333
"1622",31,10,2003,2.6872,6.1738
"1623",1,11,2003,3.0786,6.5009
"1624",2,11,2003,3.0004,6.5122
"1625",3,11,2003,4.7045,7.3585
"1626",4,11,2003,2.6567,7.1949
"1627",5,11,2003,1.7864,5.6537
"1628",6,11,2003,1.4282,5.3802
"1629",7,11,2003,1.1274,6.4517
"1630",8,11,2003,1.5813,7.1518
"1631",9,11,2003,3.465,6.6813
"1632",10,11,2003,4.2599,7.5913
"1633",11,11,2003,4.1087,7.7359
"1634",12,11,2003,2.6232,6.5327
"1635",13,11,2003,1.6442,7.0831
"1636",14,11,2003,2.6396,6.1466
"1637",15,11,2003,1.8253,6.0677
"1638",16,11,2003,1.2139,6.0395
"1639",17,11,2003,1.158,4.4848
"1640",18,11,2003,1.7688,4.72
"1641",19,11,2003,2.4143,4.6825
"1642",20,11,2003,2.2406,5.4981
"1643",21,11,2003,1.9982,5.7955
"1644",22,11,2003,1.2168,5.9527
"1645",23,11,2003,1.108,6.0801
"1646",24,11,2003,1.227,5.9181
"1647",25,11,2003,1.4303,6.202
"1648",26,11,2003,1.374,7.2296
"1649",27,11,2003,1.1258,7.2594
"1650",28,11,2003,0.9567,4.8761
"1651",29,11,2003,2.9501,5.5534
"1652",30,11,2003,1.7326,5.7582
"1653",1,12,2003,1.157,4.6691
"1654",2,12,2003,2.3817,5.5371
"1655",3,12,2003,2.5128,5.6272
"1656",4,12,2003,3.4275,6.2103
"1657",5,12,2003,2.851,6.243
"1658",6,12,2003,2.2551,5.7783
"1659",7,12,2003,2.144,5.2043
"1660",8,12,2003,1.4571,7.0352
"1661",9,12,2003,1.5687,7.1169
"1662",10,12,2003,2.3542,5.0363
"1663",11,12,2003,2.2807,5.0874
"1664",12,12,2003,1.1674,5.3295
"1665",13,12,2003,0.9976,5.8278
"1666",14,12,2003,1.9978,4.567
"1667",15,12,2003,1.865,5.3028
"1668",16,12,2003,1.4359,5.069
"1669",17,12,2003,2.4914,5.0652
"1670",18,12,2003,2.1433,4.9118
"1671",19,12,2003,2.6956,5.3773
"1672",20,12,2003,2.7145,5.4124
"1673",21,12,2003,2.0177,5.065
"1674",22,12,2003,1.5384,4.9025
"1675",23,12,2003,1.6317,5.0105
"1676",24,12,2003,1.4216,4.8
"1677",25,12,2003,1.3017,4.9515
"1678",26,12,2003,1.2441,5.3374
"1679",27,12,2003,1.3828,5.293
"1680",28,12,2003,1.5895,5.3925
"1681",29,12,2003,1.5103,5.1489
"1682",30,12,2003,1.2519,5.215
"1683",31,12,2003,0.9296,7.9464
"1684",1,1,2004,0.9486,6.9176
"1685",2,1,2004,0.8396,5.5808
"1686",3,1,2004,0.5891,4.9665
"1687",4,1,2004,0.8876,4.2796
"1688",5,1,2004,0.8143,3.9876
"1689",6,1,2004,1.5142,4.8731
"1690",7,1,2004,2.2735,4.9989
"1691",8,1,2004,1.9033,6.1763
"1692",9,1,2004,1.2658,6.0612
"1693",10,1,2004,2.8271,5.8351
"1694",11,1,2004,3.1345,6.5122
"1695",12,1,2004,2.3149,6.4665
"1696",13,1,2004,1.1984,6.5495
"1697",14,1,2004,0.9244,5.2866
"1698",15,1,2004,1.3431,4.9177
"1699",16,1,2004,1.1869,4.5621
"1700",17,1,2004,2.0301,5.1994
"1701",18,1,2004,2.2106,5.3018
"1702",19,1,2004,1.0073,3.9107
"1703",20,1,2004,1.6774,4.6683
"1704",21,1,2004,1.5207,5.1516
"1705",22,1,2004,1.1124,5.8851
"1706",23,1,2004,2.0682,5.352
"1707",24,1,2004,1.8797,6.4262
"1708",25,1,2004,0.9069,5.2471
"1709",26,1,2004,1.4506,3.8424
"1710",27,1,2004,1.546,4.1545
"1711",28,1,2004,2.1416,4.6961
"1712",29,1,2004,1.5092,5.4746
"1713",30,1,2004,0.9647,5.8626
"1714",31,1,2004,1.5214,4.7475
"1715",1,2,2004,4.4216,6.804
"1716",2,2,2004,3.2801,7.313
"1717",3,2,2004,2.2329,7.1462
"1718",4,2,2004,1.3231,6.2461
"1719",5,2,2004,2.1757,4.9432
"1720",6,2,2004,2.1119,5.051
"1721",7,2,2004,1.7571,4.5791
"1722",8,2,2004,2.5354,5.5731
"1723",9,2,2004,2.1748,6.1133
"1724",10,2,2004,1.6363,6.392
"1725",11,2,2004,1.1801,6.79
"1726",12,2,2004,1.2634,5.9408
"1727",13,2,2004,1.2606,5.2624
"1728",14,2,2004,1.2027,5.4637
"1729",15,2,2004,1.6233,4.5686
"1730",16,2,2004,1.4251,4.7957
"1731",17,2,2004,2.1118,5.7645
"1732",18,2,2004,2.7537,5.5234
"1733",19,2,2004,2.0676,7.6605
"1734",20,2,2004,1.6959,8.6771
"1735",21,2,2004,1.0588,7.8434
"1736",22,2,2004,0.828,7.085
"1737",23,2,2004,0.6783,5.3153
"1738",24,2,2004,1.3322,4.6533
"1739",25,2,2004,1.252,4.7427
"1740",26,2,2004,2.1895,7.0992
"1741",27,2,2004,2.5829,6.1682
"1742",28,2,2004,3.8687,6.9172
"1743",29,2,2004,3.833,7.814
"1744",1,3,2004,2.5707,7.0899
"1745",2,3,2004,1.7095,5.1985
"1746",3,3,2004,1.2985,4.8904
"1747",4,3,2004,1.3405,4.7666
"1748",5,3,2004,1.8291,4.7722
"1749",6,3,2004,1.1824,4.358
"1750",7,3,2004,0.8396,5.5596
"1751",8,3,2004,2.0156,5.761
"1752",9,3,2004,1.4423,5.9289
"1753",10,3,2004,2.4828,5.8374
"1754",11,3,2004,2.2507,7.322
"1755",12,3,2004,2.1271,9.1255
"1756",13,3,2004,1.3554,8.3949
"1757",14,3,2004,1.432,6.3415
"1758",15,3,2004,1.6479,4.8934
"1759",16,3,2004,1.5719,4.5907
"1760",17,3,2004,1.1209,4.736
"1761",18,3,2004,0.8867,5.4722
"1762",19,3,2004,0.8057,5.6935
"1763",20,3,2004,2.1258,5.8936
"1764",21,3,2004,2.1098,7.6553
"1765",22,3,2004,2.8813,6.8056
"1766",23,3,2004,2.6587,5.6469
"1767",24,3,2004,2.436,5.8512
"1768",25,3,2004,3.0964,5.9739
"1769",26,3,2004,3.3733,6.4836
"1770",27,3,2004,3.2275,6.6957
"1771",28,3,2004,2.3285,7.1572
"1772",29,3,2004,2.28,7.2634
"1773",30,3,2004,3.1811,8.1443
"1774",31,3,2004,1.8506,7.8717
"1775",1,9,2004,1.0713,6.2424
"1776",2,9,2004,1.9224,5.825
"1777",3,9,2004,2.9675,6.4117
"1778",4,9,2004,7.5632,8.616
"1779",5,9,2004,8.3643,8.8329
"1780",18,10,2004,1.1913,3.9116
"1781",19,10,2004,1.1373,4.9552
"1782",20,10,2004,1.1051,5.1104
"1783",21,10,2004,1.0032,5.5641
"1784",22,10,2004,1.6396,5.9689
"1785",23,10,2004,2.4902,6.5787
"1786",24,10,2004,2.2673,7.7767
"1787",25,10,2004,2.7901,10.3405
"1788",26,10,2004,2.3221,7.3482
"1789",27,10,2004,2.4647,7.2267
"1790",28,10,2004,2.3186,7.5754
"1791",29,10,2004,1.7324,7.3365
"1792",30,10,2004,1.7632,8.4775
"1793",31,10,2004,1.1381,8.0874
"1794",1,11,2004,1.0912,5.1143
"1795",2,11,2004,0.9982,4.0639
"1796",3,11,2004,0.8475,4.9717
"1797",4,11,2004,1.0125,4.9418
"1798",5,11,2004,1.4513,4.6357
"1799",6,11,2004,2.0469,4.906
"1800",7,11,2004,1.0821,5.0549
"1801",8,11,2004,0.792,5.0487
"1802",9,11,2004,3.536,6.2905
"1803",10,11,2004,3.2221,6.3412
"1804",11,11,2004,3.2862,6.2976
"1805",12,11,2004,2.163,5.9448
"1806",13,11,2004,1.7759,7.5925
"1807",14,11,2004,4.0586,6.7714
"1808",15,11,2004,3.9689,7.207
"1809",16,11,2004,3.1683,6.7607
"1810",17,11,2004,2.0335,7.0293
"1811",18,11,2004,1.5439,6.5857
"1812",19,11,2004,1.3071,6.3403
"1813",20,11,2004,0.8676,6.873
"1814",21,11,2004,0.765,5.9854
"1815",22,11,2004,0.5944,5.5434
"1816",23,11,2004,0.5584,5.8888
"1817",24,11,2004,2.1691,4.7225
"1818",25,11,2004,2.3954,4.5441
"1819",26,11,2004,1.4247,5.2064
"1820",27,11,2004,1.9019,5.0175
"1821",28,11,2004,1.9159,4.8565
"1822",29,11,2004,1.3225,5.5844
"1823",30,11,2004,1.475,5.5507
"1824",1,12,2004,1.3445,7.417
"1825",2,12,2004,1.6711,8.9097
"1826",3,12,2004,1.767,7.2561
"1827",4,12,2004,1.312,6.3751
"1828",5,12,2004,1.0105,5.6517
"1829",6,12,2004,0.6768,5.4054
"1830",7,12,2004,1.1318,3.9208
"1831",8,12,2004,0.7654,5.0381
"1832",9,12,2004,1.3269,5.0479
"1833",10,12,2004,1.7107,4.0273
"1834",11,12,2004,1.5379,4.5967
"1835",12,12,2004,2.0223,5.0913
"1836",13,12,2004,1.0432,5.2768
"1837",14,12,2004,2.0814,4.931
"1838",15,12,2004,2.5496,5.3836
"1839",16,12,2004,2.5335,6.0116
"1840",17,12,2004,2.0883,6.3103
"1841",18,12,2004,1.4008,5.8644
"1842",19,12,2004,1.5372,5.1409
"1843",20,12,2004,2.5731,5.6423
"1844",21,12,2004,1.78,6.3195
"1845",22,12,2004,1.9047,5.0455
"1846",23,12,2004,1.9945,4.657
"1847",24,12,2004,1.8845,5.692
"1848",25,12,2004,2.2314,5.6094
"1849",26,12,2004,3.4179,5.5193
"1850",27,12,2004,3.625,6.4941
"1851",28,12,2004,2.7078,6.6368
"1852",29,12,2004,2.4682,6.6939
"1853",30,12,2004,1.5907,6.4373
"1854",31,12,2004,1.4203,5.1598
"1855",1,1,2005,1.4445,5.1531
"1856",2,1,2005,1.6842,5.2622
"1857",3,1,2005,1.942,5.375
"1858",4,1,2005,1.7543,5.5408
"1859",5,1,2005,1.301,5.9922
"1860",6,1,2005,1.3933,6.1453
"1861",7,1,2005,1.2917,5.1039
"1862",8,1,2005,1.0035,4.8435
"1863",9,1,2005,0.7193,5.8353
"1864",10,1,2005,0.7563,6.4202
"1865",11,1,2005,0.8986,7.1559
"1866",12,1,2005,1.3957,4.2004
"1867",13,1,2005,2.1714,5.0743
"1868",14,1,2005,2.5984,5.4237
"1869",15,1,2005,3.086,6.4448
"1870",16,1,2005,4.0187,6.9579
"1871",17,1,2005,3.8325,6.245
"1872",18,1,2005,3.1052,6.2668
"1873",19,1,2005,3.1746,7.7896
"1874",20,1,2005,1.9609,8.0632
"1875",21,1,2005,1.383,5.5052
"1876",22,1,2005,0.6814,6.5211
"1877",23,1,2005,2.9856,5.5226
"1878",24,1,2005,2.7781,6.1491
"1879",25,1,2005,2.1361,7.4371
"1880",26,1,2005,1.3448,5.8378
"1881",27,1,2005,0.8383,3.9328
"1882",28,1,2005,3.3383,6.1327
"1883",29,1,2005,3.0358,6.6078
"1884",30,1,2005,2.4077,6.6491
"1885",31,1,2005,1.8664,5.5303
"1886",1,2,2005,1.7488,6.422
"1887",2,2,2005,2.5581,7.7664
"1888",3,2,2005,2.593,9.9958
"1889",4,2,2005,3.5089,10.0415
"1890",5,2,2005,3.5204,7.1125
"1891",6,2,2005,3.6957,7.4093
"1892",7,2,2005,3.0439,6.9935
"1893",8,2,2005,2.2289,8.0014
"1894",9,2,2005,2.0692,9.3237
"1895",10,2,2005,1.2818,8.3868
"1896",11,2,2005,2.7955,6.6106
"1897",12,2,2005,2.4313,6.6515
"1898",13,2,2005,1.2047,6.5406
"1899",14,2,2005,1.1696,5.0306
"1900",15,2,2005,1.2115,5.0177
"1901",16,2,2005,0.4562,5.1267
"1902",17,2,2005,0.583,5.5722
"1903",18,2,2005,1.7944,4.9738
"1904",19,2,2005,1.793,5.2683
"1905",20,2,2005,1.2522,5.6663
"1906",21,2,2005,1.3294,4.4894
"1907",22,2,2005,1.6356,4.1412
"1908",23,2,2005,0.4904,5.5914
"1909",24,2,2005,1.2721,4.0002
"1910",25,2,2005,0.813,5.5813
"1911",26,2,2005,2.2582,5.4197
"1912",27,2,2005,2.7585,6.1049
"1913",28,2,2005,2.3994,5.8749
"1914",1,3,2005,2.0312,4.7606
"1915",2,3,2005,2.3099,6.1836
"1916",3,3,2005,1.263,5.8138
"1917",4,3,2005,1.2291,4.7948
"1918",5,3,2005,1.2122,5.1189
"1919",6,3,2005,1.593,5.6491
"1920",7,3,2005,1.0047,5.9509
"1921",8,3,2005,2.3352,4.7354
"1922",9,3,2005,1.8144,5.7253
"1923",10,3,2005,2.3218,6.2607
"1924",11,3,2005,1.4602,6.8526
"1925",12,3,2005,1.659,4.6522
"1926",13,3,2005,1.0672,3.7605
"1927",1,9,2005,0.8272,6.9265
"1928",2,9,2005,0.6829,7.9308
"1929",3,9,2005,1.8322,5.3032
"1930",4,9,2005,2.2079,5.4104
"1931",5,9,2005,2.6528,6.0607
"1932",6,9,2005,2.8381,6.8202
"1933",7,9,2005,3.6393,6.8219
"1934",8,9,2005,4.0791,6.2536
"1935",9,9,2005,3.887,6.1436
"1936",10,9,2005,3.0308,6.8266
"1937",11,9,2005,3.2456,7.8293
"1938",12,9,2005,3.1591,7.2724
"1939",13,9,2005,2.4825,7.498
"1940",14,9,2005,2.044,6.7238
"1941",15,9,2005,1.1695,6.5801
"1942",16,9,2005,0.5054,6.0959
"1943",17,9,2005,0.4803,6.4563
"1944",18,9,2005,0.7087,7.197
"1945",19,9,2005,2.0339,4.9351
"1946",20,9,2005,3.4604,6.3115
"1947",21,9,2005,2.4184,5.6864
"1948",22,9,2005,2.3242,5.3815
"1949",23,9,2005,2.0374,5.3198
"1950",24,9,2005,1.3993,6.1648
"1951",25,9,2005,2.1607,6.65
"1952",26,9,2005,1.8253,7.0003
"1953",27,9,2005,1.8703,8.5555
"1954",28,9,2005,1.4879,7.9784
"1955",29,9,2005,1.6115,8.332
"1956",30,9,2005,1.0046,7.802
"1957",1,10,2005,1.4578,4.4836
"1958",2,10,2005,2.4248,5.2792
"1959",3,10,2005,2.4701,5.5165
"1960",4,10,2005,4.2006,6.9248
"1961",5,10,2005,4.6651,7.2309
"1962",6,10,2005,3.4996,7.5369
"1963",7,10,2005,2.3635,6.5735
"1964",8,10,2005,2.5033,6.5441
"1965",9,10,2005,1.7284,7.3726
"1966",10,10,2005,1.5897,7.8133
"1967",11,10,2005,1.6119,7.2813
"1968",12,10,2005,1.7447,6.0676
"1969",13,10,2005,1.4784,5.9075
"1970",14,10,2005,1.8827,5.8733
"1971",15,10,2005,2.2759,7.2723
"1972",16,10,2005,2.1843,8.4337
"1973",17,10,2005,1.7019,8.7278
"1974",18,10,2005,0.8346,6.7688
"1975",19,10,2005,1.2058,4.388
"1976",20,10,2005,1.2745,4.4609
"1977",21,10,2005,0.687,3.6571
"1978",22,10,2005,0.9833,4.4738
"1979",23,10,2005,0.7481,4.6002
"1980",24,10,2005,6.0391,7.1397
"1981",25,10,2005,4.0612,6.192
"1982",26,10,2005,2.0524,5.6703
"1983",27,10,2005,0.8682,5.259
"1984",28,10,2005,2.0742,4.6985
"1985",29,10,2005,2.3504,5.5946
"1986",30,10,2005,2.2047,5.3181
"1987",31,10,2005,2.2669,5.4335
"1988",1,11,2005,1.8225,5.6351
"1989",2,11,2005,1.7328,5.1725
"1990",3,11,2005,2.3493,5.8675
"1991",4,11,2005,1.7334,6.1143
"1992",5,11,2005,1.2583,5.1146
"1993",6,11,2005,1.2583,5.3164
"1994",7,11,2005,1.1278,4.8055
"1995",8,11,2005,0.9791,4.5067
"1996",9,11,2005,1.109,4.6056
"1997",10,11,2005,0.7743,4.7598
"1998",11,11,2005,1.4615,4.9861
"1999",12,11,2005,1.7186,5.0779
"2000",13,11,2005,1.7703,4.9797
"2001",14,11,2005,1.8944,5.3276
"2002",15,11,2005,2.1392,5.7588
"2003",16,11,2005,2.029,6.6162
"2004",17,11,2005,2.5365,7.5185
"2005",18,11,2005,2.4462,6.2217
"2006",19,11,2005,3.0843,6.1331
"2007",20,11,2005,3.1417,6.2894
"2008",21,11,2005,2.1561,5.4728
"2009",22,11,2005,2.7689,5.5083
"2010",23,11,2005,2.4332,5.5639
"2011",24,11,2005,1.4051,4.8744
"2012",25,11,2005,1.0067,3.5292
"2013",26,11,2005,1.2865,7.3515
"2014",27,11,2005,1.6142,6.4499
"2015",28,11,2005,1.9714,4.8716
"2016",29,11,2005,2.3575,5.3625
"2017",30,11,2005,2.0377,6.3512
"2018",1,12,2005,1.7846,7.6323
"2019",2,12,2005,2.128,6.2934
"2020",3,12,2005,1.6251,7.3534
"2021",4,12,2005,0.8809,7.0309
"2022",5,12,2005,1.1044,6.0505
"2023",6,12,2005,2.3327,5.4262
"2024",7,12,2005,2.7494,5.8262
"2025",8,12,2005,4.5232,6.8637
"2026",9,12,2005,4.0333,7.8313
"2027",10,12,2005,2.201,6.1991
"2028",11,12,2005,1.3224,6.5943
"2029",12,12,2005,1.5799,5.8099
"2030",13,12,2005,1.8703,5.7524
"2031",14,12,2005,1.3517,4.7023
"2032",15,12,2005,2.1065,4.8308
"2033",16,12,2005,2.025,5.0247
"2034",17,12,2005,1.6368,5.1358
"2035",18,12,2005,1.908,5.6542
"2036",19,12,2005,2.764,5.5588
"2037",20,12,2005,2.482,5.6786
"2038",21,12,2005,1.9363,5.1812
"2039",22,12,2005,2.209,5.2662
"2040",23,12,2005,2.1738,4.9097
"2041",24,12,2005,1.2265,5.5558
"2042",25,12,2005,1.5562,4.2159
"2043",26,12,2005,1.85,4.7499
"2044",27,12,2005,1.4056,4.6572
"2045",28,12,2005,0.7073,5.2641
"2046",29,12,2005,1.9051,4.1647
"2047",30,12,2005,1.1365,5.3309
"2048",31,12,2005,0.7137,5.504
